{"cameraMode":{"drawMode":0,"name":"Shaded","section":"Shading Mode"},"sceneLighting":true,"audioPlay":false,"sceneViewState":{"showFog":true,"showMaterialUpdate":false,"showSkybox":true,"showFlares":true,"showImageEffects":true,"showParticleSystems":true},"in2DMode":false,"pivot":{"x":2.607858657836914,"y":106.0672836303711,"z":119.66480255126953},"rotation":{"x":0.44444093108177187,"y":0.2983618676662445,"z":-0.15873831510543824,"w":0.8297868371009827},"size":6.607396125793457,"orthographic":false}