{"cameraMode":{"drawMode":0,"name":"Shaded","section":"Shading Mode"},"sceneLighting":true,"audioPlay":false,"sceneViewState":{"showFog":true,"showMaterialUpdate":false,"showSkybox":true,"showFlares":true,"showImageEffects":true,"showParticleSystems":true},"in2DMode":false,"pivot":{"x":76.45063781738281,"y":87.50199890136719,"z":-103.78325653076172},"rotation":{"x":-0.3038118779659271,"y":0.47027817368507388,"z":-0.1773398071527481,"w":-0.8095887899398804},"size":0.08660253882408142,"orthographic":false}