{"cameraMode":{"drawMode":0,"name":"Shaded","section":"Shading Mode"},"sceneLighting":true,"audioPlay":false,"sceneViewState":{"showFog":true,"showMaterialUpdate":false,"showSkybox":true,"showFlares":true,"showImageEffects":true,"showParticleSystems":true},"in2DMode":false,"pivot":{"x":1059.008544921875,"y":684.0676879882813,"z":19.58661460876465},"rotation":{"x":0.1410616636276245,"y":-0.03667100518941879,"z":0.006217102520167828,"w":0.9897191524505615},"size":643.8450927734375,"orthographic":true}