{"cameraMode":{"drawMode":0,"name":"Shaded","section":"Shading Mode"},"sceneLighting":true,"audioPlay":false,"sceneViewState":{"showFog":true,"showMaterialUpdate":false,"showSkybox":true,"showFlares":true,"showImageEffects":true,"showParticleSystems":true},"in2DMode":false,"pivot":{"x":955.2000122070313,"y":465.0,"z":-34.292213439941409},"rotation":{"x":0.0033247487153857948,"y":0.40477925539016726,"z":0.0013920858036726714,"w":-0.9145136475563049},"size":1154.4969482421875,"orthographic":false}