{"cameraMode":{"drawMode":0,"name":"Shaded","section":"Shading Mode"},"sceneLighting":true,"audioPlay":false,"sceneViewState":{"showFog":true,"showMaterialUpdate":false,"showSkybox":true,"showFlares":true,"showImageEffects":true,"showParticleSystems":true},"in2DMode":false,"pivot":{"x":468.768310546875,"y":448.20416259765627,"z":-2.9647216796875},"rotation":{"x":0.027589350938796998,"y":-0.022124672308564187,"z":0.0015629923436790705,"w":0.9997689127922058},"size":729.1776123046875,"orthographic":false}