{"cameraMode":{"drawMode":0,"name":"Shaded","section":"Shading Mode"},"sceneLighting":true,"audioPlay":false,"sceneViewState":{"showFog":true,"showMaterialUpdate":false,"showSkybox":true,"showFlares":true,"showImageEffects":true,"showParticleSystems":true},"in2DMode":false,"pivot":{"x":32.79480743408203,"y":-12.81549072265625,"z":-48.27635192871094},"rotation":{"x":0.1599365472793579,"y":0.6079152226448059,"z":-0.12545284628868104,"w":0.7680675387382507},"size":24.135881423950197,"orthographic":false}