{"cameraMode":{"drawMode":0,"name":"Shaded","section":"Shading Mode"},"sceneLighting":true,"audioPlay":false,"sceneViewState":{"showFog":true,"showMaterialUpdate":false,"showSkybox":true,"showFlares":true,"showImageEffects":true,"showParticleSystems":true},"in2DMode":false,"pivot":{"x":-1.4548805952072144,"y":3.896705150604248,"z":-72.90596008300781},"rotation":{"x":-0.013438090682029724,"y":0.47005581855773928,"z":-0.007978716865181923,"w":-0.8827435374259949},"size":2.617387294769287,"orthographic":false}