{"cameraMode":{"drawMode":0,"name":"Shaded","section":"Shading Mode"},"sceneLighting":true,"audioPlay":false,"sceneViewState":{"showFog":true,"showMaterialUpdate":false,"showSkybox":true,"showFlares":true,"showImageEffects":true,"showParticleSystems":true},"in2DMode":false,"pivot":{"x":-0.033335842192173007,"y":0.4973653256893158,"z":32.771278381347659},"rotation":{"x":-0.023090897127985956,"y":-0.01080827135592699,"z":-0.00004160433672950603,"w":0.9997602105140686},"size":3.8405728340148927,"orthographic":false}