{"cameraMode":{"drawMode":0,"name":"Shaded","section":"Shading Mode"},"sceneLighting":false,"audioPlay":false,"sceneViewState":{"showFog":true,"showMaterialUpdate":false,"showSkybox":false,"showFlares":true,"showImageEffects":true,"showParticleSystems":true},"in2DMode":false,"pivot":{"x":0.5253052115440369,"y":0.010079578496515751,"z":1.0665754079818726},"rotation":{"x":0.03961331397294998,"y":0.5211347341537476,"z":-0.023202691227197648,"w":0.8524069786071777},"size":0.9511958360671997,"orthographic":false}