{"cameraMode":{"drawMode":0,"name":"Shaded","section":"Shading Mode"},"sceneLighting":false,"audioPlay":false,"sceneViewState":{"showFog":true,"showMaterialUpdate":false,"showSkybox":false,"showFlares":true,"showImageEffects":true,"showParticleSystems":true},"in2DMode":false,"pivot":{"x":-0.0945177897810936,"y":0.16077420115470887,"z":0.019117770716547967},"rotation":{"x":-0.02675403654575348,"y":0.4146991968154907,"z":-0.012203535065054894,"w":-0.9095082879066467},"size":0.8660253882408142,"orthographic":false}