{"cameraMode":{"drawMode":0,"name":"Shaded","section":"Shading Mode"},"sceneLighting":true,"audioPlay":false,"sceneViewState":{"showFog":true,"showMaterialUpdate":false,"showSkybox":true,"showFlares":true,"showImageEffects":true,"showParticleSystems":true},"in2DMode":false,"pivot":{"x":-7.69320821762085,"y":0.4315280020236969,"z":-65.44906616210938},"rotation":{"x":-0.031191153451800348,"y":-0.0051202126778662209,"z":0.00019634941418189555,"w":0.9996258020401001},"size":0.8660253882408142,"orthographic":false}