{"cameraMode":{"drawMode":0,"name":"Shaded","section":"Shading Mode"},"sceneLighting":true,"audioPlay":false,"sceneViewState":{"showFog":true,"showMaterialUpdate":false,"showSkybox":true,"showFlares":true,"showImageEffects":true,"showParticleSystems":true},"in2DMode":false,"pivot":{"x":38.18450927734375,"y":31.842498779296876,"z":-36.51640319824219},"rotation":{"x":0.10287611931562424,"y":-0.5192420482635498,"z":-0.06409909576177597,"w":-0.8461546301841736},"size":35.64134979248047,"orthographic":false}