{"cameraMode":{"drawMode":0,"name":"Shaded","section":"Shading Mode"},"sceneLighting":false,"audioPlay":false,"sceneViewState":{"showFog":true,"showMaterialUpdate":false,"showSkybox":false,"showFlares":true,"showImageEffects":true,"showParticleSystems":true},"in2DMode":false,"pivot":{"x":0.6924156546592712,"y":-0.15099471807479859,"z":-6.779767036437988},"rotation":{"x":0.16520974040031434,"y":0.5592017769813538,"z":-0.1137300655245781,"w":0.8045825958251953},"size":0.9547571539878845,"orthographic":false}