{"cameraMode":{"drawMode":0,"name":"Shaded","section":"Shading Mode"},"sceneLighting":true,"audioPlay":false,"sceneViewState":{"showFog":true,"showMaterialUpdate":false,"showSkybox":true,"showFlares":true,"showImageEffects":true,"showParticleSystems":true},"in2DMode":false,"pivot":{"x":-0.018670644611120225,"y":-7.343091011047363,"z":2.042660713195801},"rotation":{"x":-0.3129121959209442,"y":0.017661860212683679,"z":-0.0058218310587108139,"w":-0.9496172070503235},"size":7.5430498123168949,"orthographic":false}