{"cameraMode":{"drawMode":0,"name":"Shaded","section":"Shading Mode"},"sceneLighting":false,"audioPlay":false,"sceneViewState":{"showFog":true,"showMaterialUpdate":false,"showSkybox":false,"showFlares":true,"showImageEffects":true,"showParticleSystems":true},"in2DMode":false,"pivot":{"x":-0.2738470137119293,"y":-0.16238482296466828,"z":-7.233866214752197},"rotation":{"x":0.18714512884616853,"y":-0.03843774273991585,"z":0.008232023566961289,"w":0.9816948175430298},"size":0.9547571539878845,"orthographic":false}